,actorID,movieID
0,35742,19404
1,55061,19404
2,691,19404
3,6217,19404
4,35759,19404
5,504,278
6,192,278
7,4029,278
8,6574,278
9,6576,278
10,3084,238
11,1158,238
12,3085,238
13,3087,238
14,225730,372058
15,1369100,372058
16,87637,372058
17,91288,372058
18,1668610,372058
19,3896,424
20,2282,424
21,5469,424
22,6692,424
23,587506,324857
24,543505,324857
25,130640,324857
26,932967,324857
27,1158,240
28,3087,240
29,3092,240
30,380,240
31,3096,240
32,19588,129
33,19589,129
34,119243,129
35,31,497
36,61981,497
37,52,497
38,5149,497
39,2505,497
40,4818,637
41,9235,637
42,9236,637
43,9237,637
44,6677,452522
45,6678,452522
46,6714,452522
47,6715,452522
48,6679,452522
49,8891,680
50,2231,680
51,139,680
52,62,680
53,10182,680
54,7301,539
55,7302,539
56,7303,539
57,7304,539
58,1936,539
59,3894,155
60,3895,155
61,1810,155
62,64,155
63,6383,155
64,819,550
65,287,550
66,1283,550
67,7470,550
68,7499,550
69,31,13
70,32,13
71,33,13
72,34,13
73,35,13
74,7450,346
75,7453,346
76,20828,346
77,20829,346
78,7454,346
79,40325,18491
80,83768,18491
81,4958,389
82,1936,389
83,5247,389
84,5248,389
85,5249,389
86,380,311
87,4512,311
88,4513,311
89,4517,311
90,4521,311
91,72413,12477
92,72414,12477
93,72415,12477
94,72416,12477
95,109,122
96,1327,122
97,110,122
98,1328,122
99,882,122
100,11477,769
101,380,769
102,4517,769
103,7004,769
104,110,490132
105,932967,490132
106,1817,490132
107,130129,490132
108,514,510
109,7071,510
110,518,510
111,7072,510
112,7077,510
113,24366,11216
114,20030,11216
115,27643,11216
116,68635,11216
117,120152,11216
118,65717,374430
119,28847,374430
120,566331,374430
121,3300,374430
122,90755,374430
123,996701,244786
124,18999,244786
125,129104,244786
126,13848,901
127,13852,901
128,13853,901
129,13854,901
130,190,429
131,3265,429
132,4078,429
133,5813,429
134,5814,429
135,70131,14537
136,76976,14537
137,76977,14537
138,20828,14537
139,8252,599
140,8629,599
141,8630,599
142,8631,599
143,8632,599
144,13848,914
145,14028,914
146,10924,914
147,5464,914
148,14276,26451
149,83259,26451
150,68406,26451
151,8600,40096
152,87341,40096
153,123763,40096
154,123757,40096
155,123758,40096
156,136532,313106
157,20049,313106
158,5049,313106
159,2040,313106
160,26076,313106
161,819,73
162,820,73
163,821,73
164,822,73
165,823,73
166,533325,4935
167,12670,4935
168,19592,4935
169,225730,4935
170,8595,598
171,8597,598
172,8599,598
173,2,1891
174,3,1891
175,4,1891
176,3799,1891
177,6,1891
178,20330,128
179,20331,128
180,20333,128
181,34491,11659
182,44646,11659
183,44110,11659
184,32312,20914
185,3281,20914
186,24366,20914
187,9920,20914
188,71580,432517
189,7060,432517
190,34546,432517
191,125660,432517
192,123664,290098
193,1537768,290098
194,75913,290098
195,138336,290098
196,7453,3782
197,34375,3782
198,2090,975
199,14562,975
200,14563,975
201,14564,975
202,14565,975
203,2157,207
204,569,207
205,2692,207
206,2694,207
207,86612,265177
208,142689,265177
209,575662,265177
210,142995,265177
211,33135,18148
212,134307,18148
213,95504,18148
214,131013,18148
215,68411,18148
216,10922,37257
217,2896,37257
218,10921,37257
219,2926,37257
220,5182,37257
221,1395660,538362
222,128426,538362
223,69489,538362
224,854,567
225,4070,567
226,7683,567
227,7684,567
228,7685,567
229,1003,101
230,524,101
231,64,101
232,1004,101
233,1005,101
234,1190668,398818
235,53807,398818
236,72873,398818
237,20577,398818
238,935096,398818
239,3129,10376
240,3201,10376
241,59373,10376
242,5502,10376
243,80503,10376
244,12259,24188
245,70119,24188
246,1352,24188
247,32677,24188
248,13848,3082
249,14027,3082
250,14438,3082
251,30194,3082
252,30195,3082
253,230680,339877
254,195930,339877
255,36592,339877
256,15737,339877
257,3490,423
258,3491,423
259,6637,423
260,6638,423
261,6639,423
262,287,807
263,192,807
264,12052,807
265,11885,807
266,1979,807
267,8475,895
268,1190992,895
269,13708,895
270,6657,797
271,11916,797
272,11917,797
273,6649,797
274,11918,797
275,7450,12493
276,70131,12493
277,34374,12493
278,13251,12493
279,20830,12493
280,109,120
281,1327,120
282,110,120
283,1328,120
284,882,120
285,12259,24382
286,5676,24382
287,27442,24382
288,132190,24382
289,4959,24382
290,6193,27205
291,24045,27205
292,27578,27205
293,2524,27205
294,3899,27205
295,3223,299536
296,74568,299536
297,103,299536
298,16828,299536
299,16851,299536
300,19588,378064
301,936275,378064
302,1065297,378064
303,1038,274
304,4173,274
305,349,274
306,15854,274
307,16293,274
308,109,121
309,1327,121
310,110,121
311,1328,121
312,882,121
313,4959,335
314,4958,335
315,4765,335
316,4960,335
317,4961,335
318,213619,429210
319,278354,429210
320,127110,429210
321,139301,429210
322,33161,77338
323,78423,77338
324,219708,77338
325,19370,77338
326,82700,411088
327,724188,411088
328,34053,411088
329,1277188,406997
330,1204,406997
331,887,406997
332,1109976,406997
333,25503,406997
334,13848,10098
335,19426,10098
336,21301,10098
337,21306,10098
338,1108907,449176
339,19536,449176
340,9278,449176
341,1636738,449176
342,1253199,449176
343,521,105
344,1062,105
345,1063,105
346,1064,105
347,1065,105
348,28078,1398
349,8475,1398
350,1190992,1398
351,28079,1398
352,120019,38288
353,120025,38288
354,120020,38288
355,7543,38288
356,1333461,498249
357,50,498249
358,18177,498249
359,992869,92321
360,1254052,92321
361,10297,157336
362,83002,157336
363,1813,157336
364,3895,157336
365,1893,157336
366,3151,284
367,4090,284
368,4091,284
369,4093,284
370,4094,284
371,854,1585
372,17752,1585
373,17753,1585
374,7666,1585
375,3383,1585
376,73,19
377,74,19
378,77,19
379,78,19
380,79,19
381,854,426
382,5729,426
383,5730,426
384,5731,426
385,5732,426
386,104522,110420
387,1054260,110420
388,9045,629
389,1979,629
390,5168,629
391,9046,629
392,7166,629
393,93407,25237
394,93409,25237
395,1148739,25237
396,7450,548
397,7451,548
398,7452,548
399,7453,548
400,7454,548
401,64880,670
402,10112,670
403,1299317,670
404,77188,670
405,8349,28
406,3084,28
407,3087,28
408,8351,28
409,8350,28
410,7452,14696
411,7451,14696
412,24551,14696
413,97203,14696
414,5676,422
415,4959,422
416,5682,422
417,5683,422
418,5684,422
419,136532,282848
420,1080542,282848
421,12982,282848
422,543261,282848
423,4756,8587
424,53283,8587
425,15152,8587
426,16940,8587
427,20005,8587
428,514,694
429,10409,694
430,10410,694
431,7077,694
432,10411,694
433,529,77
434,530,77
435,532,77
436,534,77
437,537,77
438,17838,424694
439,1220123,424694
440,1452045,424694
441,4787,424694
442,86232,424694
443,11589,780
444,11586,780
445,11595,780
446,2,11
447,3,11
448,4,11
449,24343,11
450,6,11
451,3380,705
452,10606,705
453,3361,705
454,10607,705
455,10608,705
456,3910,359940
457,57755,359940
458,6807,359940
459,16861,359940
460,22970,359940
461,42416,5156
462,42417,5156
463,4091,996
464,14974,996
465,13566,996
466,14975,996
467,56890,185
468,2264,185
469,2265,185
470,2267,185
471,2268,185
472,3149,239
473,3150,239
474,3151,239
475,3152,239
476,3155,239
477,2201,490
478,6649,490
479,6656,490
480,6658,490
481,6657,490
482,8635,992
483,14920,992
484,14922,992
485,1115687,149871
486,120690,149871
487,68422,19542
488,88935,19542
489,81463,19542
490,1037,500
491,3129,500
492,147,500
493,2969,500
494,884,500
495,2039,110416
496,58068,110416
497,83278,110416
498,37169,110416
499,380,103
500,1038,103
501,13,103
502,1037,103
503,1036,103
504,76788,334543
505,108916,334543
506,1371,334543
507,2227,334543
508,566882,237791
509,566884,237791
510,1054884,237791
511,12446,935
512,862,935
513,3088,935
514,4966,935
515,14253,935
516,3084,654
517,9857,654
518,5248,654
519,522,654
520,2094,832
521,12322,832
522,12323,832
523,12324,832
524,79,832
525,6968,1124
526,3894,1124
527,3895,1124
528,1245,1124
529,1333,1124
530,7450,11878
531,70131,11878
532,70811,11878
533,33761,11878
534,3380,10242
535,31550,10242
536,24811,10242
537,66712,10242
538,8741,614
539,6657,614
540,8742,614
541,6649,614
542,8635,961
543,14419,961
544,14420,961
545,14421,961
546,60073,264644
547,1277188,264644
548,11148,264644
549,3905,264644
550,144160,264644
551,37505,29264
552,31599,29264
553,105130,29264
554,105142,29264
555,13848,28978
556,147962,28978
557,147963,28978
558,120701,28978
559,120019,160885
560,120020,160885
561,120025,160885
562,7543,160885
563,561869,470044
564,35705,470044
565,62649,470044
566,1680339,470044
567,4238,470044
568,13294,872
569,13295,872
570,8857,872
571,13296,872
572,4110,289
573,4111,289
574,4112,289
575,4113,289
576,3001,289
577,258,354912
578,4589,354912
579,10402,354912
580,154004,354912
581,5676,439
582,5961,439
583,5682,439
584,5962,439
585,5963,439
586,6193,1422
587,1892,1422
588,514,1422
589,13240,1422
590,8349,1422
591,1158,111
592,1159,111
593,1160,111
594,1161,111
595,1162,111
596,69637,10997
597,643,10997
598,65277,10997
599,76913,10997
600,54693,50014
601,19492,50014
602,6944,50014
603,18997,50014
604,83002,50014
605,52763,360814
606,287,16869
607,19119,16869
608,27319,16869
609,16847,16869
610,17288,16869
611,934,98
612,73421,98
613,935,98
614,936,98
615,194,98
616,40,15
617,7664,15
618,11029,15
619,14518,15
620,11028,15
621,78883,426426
622,1653,147
623,1654,147
624,1655,147
625,1658,147
626,82702,92060
627,926,92060
628,1905,92060
629,11856,7345
630,17142,7345
631,8785,7345
632,18916,7345
633,71580,205596
634,116,205596
635,1247,205596
636,139549,205596
637,85718,205596
638,7664,1092
639,15385,1092
640,40,1092
641,12726,1092
642,9874,1092
643,20738,11423
644,69378,11423
645,69379,11423
646,21687,11423
647,8654,600
648,2059,600
649,7132,600
650,8655,600
651,8656,600
652,7450,11712
653,70131,11712
654,70324,11712
655,7453,11712
656,31,857
657,3197,857
658,12833,857
659,12834,857
660,6163,857
661,1337,843
662,1338,843
663,2565,2721
664,18847,2721
665,1352,2721
666,20030,2721
667,17028,2721
668,4110,3090
669,19020,3090
670,14517,3090
671,30303,3090
672,14451,3090
673,83682,18438
674,108535,18438
675,1253449,18438
676,6193,11324
677,103,11324
678,2282,11324
679,1246,11324
680,1812,11324
681,10980,12445
682,10989,12445
683,10990,12445
684,4566,12445
685,5469,12445
686,16757,42229
687,5676,42229
688,17580,42229
689,6384,603
690,2975,603
691,530,603
692,1331,603
693,532,603
694,206,38
695,204,38
696,205,38
697,103,38
698,109,38
699,7450,1059
700,7454,1059
701,69335,1059
702,30907,1059
703,13848,28971
704,29545,28971
705,3363,28971
706,8635,28971
707,70131,11645
708,70132,11645
709,70133,11645
710,72607,11645
711,678,582
712,8196,582
713,8197,582
714,8198,582
715,8199,582
716,8487,595
717,8488,595
718,8489,595
719,2112,595
720,4420,307
721,4421,307
722,4422,307
723,1892,489
724,2157,489
725,880,489
726,1640,489
727,6613,489
728,3636,9277
729,4135,9277
730,8606,9277
731,1466,9277
732,4093,9277
733,2565,204
734,2566,204
735,2567,204
736,2568,204
737,37625,324786
738,65731,324786
739,4937,324786
740,972356,324786
741,20374,324786
742,920,387
743,5228,387
744,5229,387
745,5230,387
746,4924,387
747,4139,348
748,10205,348
749,5047,348
750,5048,348
751,5049,348
752,5048,655
753,2630,655
754,923,655
755,9892,655
756,9893,655
757,77498,46738
758,84573,46738
759,88592,46738
760,38526,46738
761,55512,1396
762,1090481,1396
763,1190992,1396
764,13710,1396
765,1019,103663
766,1350,110
767,1352,110
768,49025,110
769,26183,15244
770,1905,32085
771,1260745,83564
772,245,62
773,246,62
774,247,62
775,253,62
776,12147,821
777,13784,821
778,12149,821
779,2896,821
780,12150,821
781,5469,120467
782,1291350,120467
783,1164,120467
784,8789,120467
785,3490,120467
786,56830,11104
787,1337,11104
788,12671,11104
789,43661,11104
790,1090481,1394
791,38127,1394
792,9031,1394
793,150826,1394
794,4173,1955
795,5049,1955
796,10774,1955
797,11857,1955
798,13325,1955
799,9560,641
800,7499,641
801,6161,641
802,9562,641
803,4443,641
804,7124,521
805,4070,521
806,7125,521
807,5182,521
808,7682,521
809,18056,315465
810,104522,315465
811,1018944,315465
812,1454976,315465
813,52583,7347
814,52584,7347
815,52585,7347
816,52586,7347
817,469968,7347
818,1979,14
819,516,14
820,2155,14
821,8210,14
822,8211,14
823,66957,430424
824,14606,430424
825,93532,430424
826,17498,430424
827,23671,430424
828,206,37165
829,350,37165
830,11315,37165
831,11317,37165
832,11318,37165
833,11523,775
834,11645,775
835,854,1580
836,14504,1580
837,12497,1580
838,17660,1580
839,17661,1580
840,5402,19426
841,27440,19426
842,543085,19426
843,31989,19426
844,6968,316029
845,1812,316029
846,29222,316029
847,505710,316029
848,933238,316029
849,18197,1626
850,18199,1626
851,47991,12104
852,71247,12104
853,71248,12104
854,71249,12104
855,10158,3112
856,7632,3112
857,8828,3112
858,30537,3112
859,40036,381284
860,6944,381284
861,1005852,381284
862,1269,381284
863,205,381284
864,1925,406
865,72270,406
866,1164,279
867,3999,279
868,4000,279
869,4002,279
870,4001,279
871,9087,631
872,9088,631
873,9089,631
874,9090,631
875,9091,631
876,380,11778
877,3096,11778
878,47879,11778
879,4690,11778
880,5064,11778
881,1539216,369557
882,86232,369557
883,33394,369557
884,49735,369557
885,1007683,369557
886,1578123,393729
887,6968,146233
888,131,146233
889,17142,146233
890,49,146233
891,6832,146233
892,228012,310569
893,120019,38286
894,120020,38286
895,120025,38286
896,7543,38286
897,134,68718
898,27319,68718
899,6193,68718
900,11703,68718
901,2231,68718
902,10055,666
903,10057,666
904,10059,666
905,10061,666
906,10062,666
907,39953,17295
908,204419,293299
909,176035,293299
910,3635,396
911,5341,396
912,18364,396
913,18365,396
914,15135,5511
915,27440,5511
916,43814,5511
917,43815,5511
918,20945,5511
919,11390,947
920,12248,947
921,5401,947
922,10018,947
923,14242,934
924,11937,934
925,14243,934
926,14227,934
927,1452046,466282
928,1253353,466282
929,93377,466282
930,1683266,466282
931,1350469,466282
932,13565,5924
933,4483,5924
934,15666,5924
935,14062,5924
936,2516,5924
937,2,1892
938,3,1892
939,4,1892
940,3799,1892
941,6,1892
942,30210,3083
943,854,3083
944,4113,3083
945,30211,3083
946,30002,3083
947,2090,25364
948,20418,25364
949,78304,25364
950,14975,25364
951,71580,379170
952,7060,379170
953,1218303,379170
954,11278,379170
955,34546,379170
956,103,113833
957,5374,113833
958,66743,113833
959,1204,113833
960,221611,113833
961,1205,28178
962,11148,28178
963,1206,28178
964,11398,28178
965,20376,28178
966,66957,451945
967,1795151,451945
968,68816,451945
969,2638,213
970,2639,213
971,2091,213
972,2641,213
973,2642,213
974,190,938
975,4078,938
976,14276,938
977,14277,938
978,12266,827
979,12267,827
980,2566,827
981,12268,827
982,56322,150540
983,169200,150540
984,21125,150540
985,19278,150540
986,59258,150540
987,670,10681
988,60074,10681
989,20753,10681
990,52763,7508
991,110,334533
992,146750,334533
993,1261400,334533
994,1024722,334533
995,1504947,334533
996,643,10404
997,64988,10404
998,123739,505192
999,100766,505192
1000,1130611,505192
1001,6856,1091
1002,65827,1091
1003,11065,1091
1004,15417,1091
1005,15413,1091
1006,31070,3175
1007,31071,3175
1008,2264,3175
1009,37777,3175
1010,22703,3175
1011,2201,11656
1012,70359,11656
1013,6662,11656
1014,48574,11656
1015,3061,627
1016,1125,627
1017,9012,627
1018,18023,627
1019,9015,627
1020,10297,152532
1021,9278,152532
1022,7499,152532
1023,81681,152532
1024,18324,152532
1025,15397,15383
1026,12267,15383
1027,19162,15383
1028,12266,15383
1029,35003,15383
1030,380,524
1031,4430,524
1032,4517,524
1033,4512,524
1034,7167,524
1035,6450,10774
1036,8252,10774
1037,29903,10774
1038,3087,10774
1039,66712,10774
1040,13848,962
1041,14434,962
1042,14435,962
1043,14437,962
1044,14438,962
1045,4958,596
1046,8515,596
1047,8516,596
1048,8517,596
1049,7450,3777
1050,33761,3777
1051,30469,3777
1052,7453,3777
1053,7454,3777
1054,6193,106646
1055,21007,106646
1056,234352,106646
1057,3497,106646
1058,3026,106646
1059,7499,31011
1060,98,31011
1061,9824,31011
1062,19115,31011
1063,7026,31011
1064,16896,5925
1065,9221,5925
1066,13565,5925
1067,4786,5925
1068,12250,5925
1069,5294,76203
1070,17288,76203
1071,1267329,76203
1072,71580,76203
1073,17142,76203
1074,37632,266856
1075,72855,266856
1076,23458,266856
1077,16358,266856
1078,973,100
1079,974,100
1080,975,100
1081,976,100
1082,980,100
1083,23891,21634
1084,10205,21634
1085,15319,21634
1086,76470,21634
1087,6069,21634
1088,235332,33320
1089,1680,33320
1090,23988,33320
1091,39195,398924
1092,28781,398924
1093,3,78
1094,585,78
1095,586,78
1096,587,78
1097,588,78
1098,24366,11010
1099,10777,11010
1100,14149,11010
1101,5401,405
1102,5402,405
1103,5403,405
1104,5404,405
1105,13709,31442
1106,1190992,31442
1107,13708,31442
1108,69310,25376
1109,93647,25376
1110,93648,25376
1111,93650,25376
1112,1739118,435129
1113,514,829
1114,6450,829
1115,6593,829
1116,12295,829
1117,12296,829
1118,854,93
1119,855,93
1120,856,93
1121,857,93
1122,860,93
1123,190,13223
1124,74308,13223
1125,74309,13223
1126,74312,13223
1127,10138,13223
1128,56843,381341
1129,120832,381341
1130,146464,381341
1131,128748,381341
1132,586953,381341
1133,1680,149
1134,1681,149
1135,16828,400928
1136,1172108,400928
1137,30083,400928
1138,213001,400928
1139,6944,400928
1140,139,414419
1141,140,414419
1142,2535,414419
1143,589,414419
1144,141,414419
1145,380,1578
1146,4517,1578
1147,14702,1578
1148,7164,1578
1149,27811,142061
1150,42160,142061
1151,56930,142061
1152,2136,142061
1153,190,33
1154,193,33
1155,192,33
1156,194,33
1157,3710,33
1158,34923,9323
1159,40451,9323
1160,20664,9323
1161,8487,804
1162,1932,804
1163,11998,804
1164,11999,804
1165,3359,223
1166,3360,223
1167,3361,223
1168,3362,223
1169,3363,223
1170,3460,3034
1171,1039,3034
1172,29802,3034
1173,29803,3034
1174,9599,3034
1175,10980,673
1176,10989,673
1177,10990,673
1178,64,673
1179,11207,673
1180,139,24
1181,140,24
1182,2535,24
1183,589,24
1184,141,24
1185,529,337960
1186,235416,337960
1187,57829,337960
1188,267962,5544
1189,25466,5544
1190,44021,5544
1191,24422,5544
1192,7569,10238
1193,8742,10238
1194,11916,10238
1195,38127,10238
1196,73457,118340
1197,8691,118340
1198,543530,118340
1199,12835,118340
1200,51329,118340
1201,2440,234200
1202,11356,234200
1203,17287,234200
1204,14887,234200
1205,125660,234200
1206,2405,194
1207,2406,194
1208,2407,194
1209,2408,194
1210,1654,194
1211,240240,60243
1212,559566,60243
1213,190,70
1214,448,70
1215,192,70
1216,449,70
1217,450,70
1218,47,16
1219,50,16
1220,52,16
1221,53,16
1222,6748,16
1223,37131,8290
1224,11187,8290
1225,29427,8290
1226,19613,8290
1227,56198,8885
1228,31070,11293
1229,68890,11293
1230,29803,11293
1231,12296,11293
1232,14061,1675
1233,1653,1675
1234,18766,1675
1235,24499,1675
1236,31,862
1237,12898,862
1238,7167,862
1239,12900,862
1240,21658,16804
1241,70626,16804
1242,509344,359156
1243,1395660,359156
1244,1100,280
1245,2713,280
1246,418,280
1247,820,280
1248,75027,280
1249,20710,2011
1250,236016,2011
1251,50,2011
1252,10917,2011
1253,4818,27670
1254,41342,27670
1255,122023,27670
1256,27433,25606
1257,31614,25606
1258,106346,25606
1259,1190206,593
1260,8474,593
1261,8475,593
1262,1190992,593
1263,880,210577
1264,10882,210577
1265,1308445,210577
1266,41686,210577
1267,80602,210577
1268,52763,20453
1269,85519,20453
1270,53674,20453
1271,35779,20453
1272,116,4348
1273,15576,4348
1274,10882,4348
1275,55636,4348
1276,14869,20334
1277,854,20334
1278,9067,20334
1279,24820,20334
1280,85956,20334
1281,30614,313369
1282,54693,313369
1283,113461,313369
1284,14892,313369
1285,18999,313369
1286,68812,14160
1287,80676,14160
1288,290,14160
1289,10,14160
1290,18792,14160
1291,25780,7857
1292,8252,826
1293,12248,826
1294,10018,826
1295,12249,826
1296,12250,826
1297,5763,10227
1298,11856,7984
1299,4935,7984
1300,7056,7984
1301,28743,7984
1302,13328,7984
1303,4165,301
1304,4299,301
1305,4300,301
1306,4302,301
1307,4301,301
1308,217924,13398
1309,17419,399174
1310,819,399174
1311,12438,399174
1312,1532,399174
1313,37505,4497
1314,9768,4497
1315,14821,4497
1316,16311,4497
1317,15196,20126
1318,44959,20126
1319,80503,20126
1320,9766,20126
1321,85648,20126
1322,3033,235
1323,741,235
1324,3034,235
1325,3035,235
1326,2628,235
1327,1229,115
1328,1230,115
1329,884,115
1330,1231,115
1331,1233,115
1332,524,752
1333,1331,752
1334,9029,752
1335,11275,752
1336,5049,752
1337,6193,640
1338,31,640
1339,4690,640
1340,8349,640
1341,136761,640
1342,45982,32480
1343,4962,32480
1344,24608,32480
1345,24597,32480
1346,226029,32480
1347,10538,770
1348,11492,770
1349,8725,770
1350,11493,770
1351,11498,770
1352,62,745
1353,3051,745
1354,11616,745
1355,9640,745
1356,2680,745
1357,2638,303
1358,4111,303
1359,4113,303
1360,4343,303
1361,2176,6977
1362,3810,6977
1363,16851,6977
1364,57755,6977
1365,9015,6977
1366,42802,348892
1367,37233,348892
1368,85047,348892
1369,2491,198
1370,2493,198
1371,2494,198
1372,2495,198
1373,5788,15794
1374,13579,15794
1375,8254,15794
1376,78791,15794
1377,93210,122906
1378,53714,122906
1379,2440,122906
1380,1095524,122906
1381,30083,122906
1382,73421,152601
1383,1245,152601
1384,9273,152601
1385,108916,152601
1386,59315,152601
1387,2888,1402
1388,120724,1402
1389,9030,1402
1390,14852,1402
1391,592370,203217
1392,557414,203217
1393,567575,203217
1394,10,13929
1395,10205,679
1396,2712,679
1397,2714,679
1398,10206,679
1399,2461,197
1400,2462,197
1401,1957,197
1402,2463,197
1403,2464,197
1404,55125,8327
1405,70131,11953
1406,70626,11953
1407,70133,11953
1408,7453,11953
1409,71027,11953
1410,3,85
1411,650,85
1412,652,85
1413,655,85
1414,653,85
1415,1168935,242828
1416,1039305,242828
1417,27776,242828
1418,4990,242828
1419,72606,242828
1420,21702,10674
1421,776,10674
1422,14592,10674
1423,140567,10674
1424,617,81
1425,616,81
1426,118,152742
1427,38941,152742
1428,104632,152742
1429,55636,152742
1430,1133330,152742
1431,1243,696
1432,3092,696
1433,4776,696
1434,10447,696
1435,5064,696
1436,1260745,24480
1437,53714,11036
1438,30614,11036
1439,4800,11036
1440,16896,11036
1441,9880,11036
1442,10722,762
1443,280,762
1444,10713,762
1445,10707,762
1446,4347,982
1447,14729,982
1448,14730,982
1449,14732,982
1450,7302,982
1451,12725,851
1452,12726,851
1453,12727,851
1454,12728,851
1455,46593,5915
1456,4726,5915
1457,227,5915
1458,20089,5915
1459,1425019,320007
1460,49767,320007
1461,1285450,320007
1462,520561,320007
1463,28432,320007
1464,3000,234
1465,3001,234
1466,3007,234
1467,103,314365
1468,2232,314365
1469,53714,314365
1470,23626,314365
1471,21134,314365
1472,4110,963
1473,13992,963
1474,14450,963
1475,2094,963
1476,14451,963
1477,1013156,335578
1478,1037348,335578
1479,223477,335578
1480,13688,71157
1481,76820,71157
1482,81054,71157
1483,64210,71157
1484,16283,1280
1485,16284,1280
1486,3905,275
1487,3910,275
1488,884,275
1489,53,275
1490,3906,275
1491,11492,3078
1492,30155,3078
1493,30156,3078
1494,30157,3078
1495,30158,3078
1496,3381,14580
1497,77081,14580
1498,96283,14580
1499,96284,14580
1500,18391,14580
1501,1158,6075
1502,2228,6075
1503,14698,6075
1504,5723,6075
1505,2310,144
1506,2311,144
1507,2313,144
1508,2314,144
1509,14812,1628
1510,18216,1628
1511,18217,1628
1512,18218,1628
1513,18219,1628
1514,190,391
1515,16309,391
1516,14276,391
1517,16310,391
1518,16311,391
1519,4783,329
1520,4784,329
1521,4785,329
1522,4786,329
1523,3636,903
1524,12950,903
1525,8962,903
1526,5048,903
1527,569,76
1528,1146,76
1529,571,76
1530,572,76
1531,15397,25253
1532,24379,25253
1533,39645,25253
1534,24903,25253
1535,37992,25253
1536,3636,990
1537,14882,990
1538,6721,990
1539,862,990
1540,14883,990
1541,1904,2108
1542,21625,2108
1543,2880,2108
1544,21624,2108
1545,12851,2108
1546,60073,169813
1547,17487,169813
1548,481337,169813
1549,17838,169813
1550,1200864,169813
1551,2395,873
1552,13307,873
1553,2047,873
1554,13308,873
1555,13309,873
1556,77996,14574
1557,224188,14574
1558,21657,14574
1559,11207,14574
1560,36669,14574
1561,3556,11482
1562,6553,11482
1563,19550,11482
1564,24422,11482
1565,7632,11482
1566,20141,16391
1567,91617,16391
1568,30126,16391
1569,99905,16391
1570,71784,16391
1571,131,141
1572,20089,141
1573,723,141
1574,1579,141
1575,69597,141
1576,934,453
1577,228,453
1578,6161,453
1579,290,453
1580,6162,453
1581,10538,702
1582,3084,702
1583,10539,702
1584,9857,702
1585,11534,776
1586,11535,776
1587,9744,776
1588,11537,776
1589,11538,776
1590,6194,33602
1591,11514,33602
1592,15887,33602
1593,11064,33602
1594,110987,33602
1595,119263,37797
1596,87662,37797
1597,135025,37797
1598,2565,4480
1599,16927,4480
1600,6012,4480
1601,3051,24238
1602,1233,24238
1603,8783,24238
1604,22,24238
1605,92731,24238
1606,83768,22843
1607,9711,22843
1608,40325,22843
1609,854,11787
1610,2667,11787
1611,70492,11787
1612,15978,11787
1613,30228,11787
1614,7569,11602
1615,6649,11602
1616,2201,11602
1617,69981,11602
1618,1206334,428493
1619,1672241,428493
1620,10985,428493
1621,9138,428493
1622,2310,613
1623,5644,613
1624,680,613
1625,8796,613
1626,8797,613
1627,19207,25188
1628,1229,25188
1629,1036,25188
1630,8258,25188
1631,9599,25188
1632,1188,113
1633,112561,200727
1634,237455,200727
1635,116263,200727
1636,66442,200727
1637,1325961,200727
1638,1158,949
1639,380,949
1640,5576,949
1641,10127,949
1642,3197,949
1643,1243,703
1644,3092,703
1645,10555,703
1646,10556,703
1647,10557,703
1648,4783,371645
1649,1139349,371645
1650,1288797,371645
1651,15298,371645
1652,82666,371645
1653,30766,11898
1654,2924,11898
1655,45466,11898
1656,12248,11898
1657,3489,1018
1658,15007,1018
1659,15009,1018
1660,15008,1018
1661,6486,1018
1662,8252,632
1663,9108,632
1664,834,632
1665,7347,632
1666,9109,632
1667,139,393
1668,141,393
1669,589,393
1670,147,393
1671,116027,10386
1672,12835,10386
1673,4491,10386
1674,18688,10386
1675,4443,10386
1676,35742,26022
1677,55061,26022
1678,35792,26022
1679,1699129,483184
1680,131630,483184
1681,132849,483184
1682,128456,483184
1683,75912,13855
1684,75913,13855
1685,75914,13855
1686,240082,13855
1687,1004,925
1688,15531,925
1689,15532,925
1690,6396,925
1691,4808,925
1692,35849,136
1693,1507,136
1694,1508,136
1695,1509,136
1696,20501,16305
1697,79245,16305
1698,33007,16305
1699,21510,16305
1700,13966,16305
1701,10980,671
1702,10989,671
1703,10990,671
1704,194,671
1705,10993,671
1706,78423,382591
1707,11291,382591
1708,90681,382591
1709,61364,382591
1710,1352,8416
1711,34027,8416
1712,3281,8416
1713,24590,8416
1714,1269,581
1715,1581,581
1716,6804,581
1717,7853,581
1718,122468,14069
1719,1137,108
1720,1139,108
1721,1141,108
1722,2227,553
1723,7569,553
1724,7570,553
1725,1642,553
1726,6162,553
1727,21177,9421
1728,26887,9421
1729,24832,9421
1730,53425,9421
1731,12497,845
1732,12499,845
1733,12498,845
1734,12500,845
1735,12505,845
1736,61256,17483
1737,65475,17483
1738,40060,17483
1739,3359,993
1740,3895,993
1741,69310,265195
1742,19803,265195
1743,3618,265195
1744,141455,265195
1745,114811,265195
1746,3829,269
1747,3830,269
1748,3573,269
1749,3831,269
1750,15265,1075
1751,15268,1075
1752,72782,24653
1753,73475,24653
1754,14541,9479
1755,531,9479
1756,11514,9479
1757,21282,9479
1758,13243,9479
1759,2638,4808
1760,1932,4808
1761,6837,4808
1762,5563,4808
1763,12950,4808
1764,26100,110160
1765,142689,110160
1766,136761,110160
1767,143595,110160
1768,38529,110160
1769,10722,583
1770,280,583
1771,10713,583
1772,10707,583
1773,1158,968
1774,3096,968
1775,1466,968
1776,14541,968
1777,14542,968
1778,10501,14811
1779,129550,14811
1780,112253,14811
1781,129551,14811
1782,20082,393559
1783,2524,59440
1784,41421,59440
1785,1733,59440
1786,33192,59440
1787,81685,59440
1788,2638,981
1789,6598,981
1790,854,981
1791,14683,981
1792,102687,981
1793,1619,10835
1794,26784,10835
1795,66580,177572
1796,515510,177572
1797,82093,177572
1798,51990,177572
1799,78324,177572
1800,908548,440298
1801,140652,440298
1802,566101,440298
1803,11544,777
1804,11545,777
1805,11546,777
1806,8630,777
1807,1016168,451480
1808,567269,451480
1809,1247,451480
1810,91520,451480
1811,74158,451480
1812,77667,12093
1813,71219,12093
1814,13,12
1815,14,12
1816,12,12
1817,5293,12
1818,18,12
1819,77921,149870
1820,13250,149870
1821,20333,149870
1822,4165,3114
1823,30551,3114
1824,7303,3114
1825,2769,3114
1826,4303,3114
1827,3635,261
1828,3636,261
1829,2753,261
1830,3362,261
1831,2672,261
1832,13784,1040
1833,15135,1040
1834,4959,1040
1835,4962,1040
1836,15140,1040
1837,1979,2118
1838,529,2118
1839,518,2118
1840,2505,2118
1841,326,2118
1842,25246,10775
1843,1337,10775
1844,66717,10775
1845,26724,10775
1846,72730,10775
1847,33235,84892
1848,10990,84892
1849,132157,84892
1850,22226,84892
1851,19961,84892
1852,4455,309
1853,58646,9702
1854,4589,9702
1855,16427,9702
1856,58648,9702
1857,10017,1480
1858,7302,1480
1859,40,1480
1860,30719,1480
1861,592370,227932
1862,228054,227932
1863,567575,227932
1864,1243,11686
1865,3092,11686
1866,114346,11686
1867,204,597
1868,6193,597
1869,1954,597
1870,8534,597
1871,3713,597
1872,2007,143
1873,2008,143
1874,2009,143
1875,2010,143
1876,13576,887
1877,13577,887
1878,13578,887
1879,13580,887
1880,7663,887
1881,3,89
1882,738,89
1883,656,89
1884,739,89
1885,655,89
1886,5563,336
1887,522,336
1888,5567,336
1889,20738,2440
1890,25001,2440
1891,25002,2440
1892,25003,2440
1893,25004,2440
1894,6968,263115
1895,2387,263115
1896,1464650,263115
1897,467645,263115
1898,39189,263115
1899,40325,4977
1900,20664,4977
1901,74568,413279
1902,103,413279
1903,1121,107
1904,1117,107
1905,980,107
1906,287,107
1907,1118,107
1908,68470,16859
1909,218144,16859
1910,68472,16859
1911,57736,16859
1912,552598,16859
1913,12446,10322
1914,4090,10322
1915,19550,10322
1916,5251,10322
1917,15413,10322
1918,1810,142
1919,131,142
1920,1812,142
1921,1813,142
1922,1811,142
1923,3061,587
1924,3926,587
1925,8289,587
1926,4431,587
1927,1283,587
1928,16897,10633
1929,522,10633
1930,8255,10633
1931,89527,10633
1932,3715,10633
1933,46864,5961
1934,38127,5961
1935,98285,419478
1936,1053422,419478
1937,71403,419478
1938,429728,419478
1939,158396,419478
1940,1269,117
1941,738,117
1942,1270,117
1943,1271,117
1944,380,117
1945,13784,976
1946,3150,976
1947,14572,976
1948,14573,976
1949,14574,976
1950,8534,1633
1951,18248,1633
1952,5698,1633
1953,18249,1633
1954,31140,1633
1955,3088,247
1956,3336,247
1957,3337,247
1958,3338,247
1959,3339,247
1960,380,11005
1961,2157,11005
1962,11512,11005
1963,199,11005
1964,14698,11005
1965,5605,404
1966,5606,404
1967,8252,576
1968,7502,576
1969,8253,576
1970,8254,576
1971,8255,576
1972,33741,3767
1973,3381,3767
1974,14564,3767
1975,30847,3767
1976,3829,2786
1977,18197,2786
1978,20420,2786
1979,1352,86837
1980,267962,86837
1981,17882,86837
1982,122461,86837
1983,2228,322
1984,504,322
1985,4724,322
1986,2975,322
1987,4726,322
1988,56112,13363
1989,19384,13363
1990,21722,13363
1991,87341,52345
1992,138328,52345
1993,123759,52345
1994,123760,52345
1995,48791,11902
1996,70874,11902
1997,70876,11902
1998,1230,585
1999,7904,585
2000,884,585
2001,5563,585
2002,7906,585
2003,251350,13386
2004,126986,13386
2005,224945,13386
2006,12021,805
2007,11147,805
2008,4970,805
2009,12022,805
2010,12023,805
2011,52583,47931
2012,223286,47931
2013,52585,47931
2014,12397,47931
2015,448,1646
2016,349,1646
2017,11356,1646
2018,18352,1646
2019,58961,1646
2020,11856,10161
2021,18345,10161
2022,72782,8832
2023,225301,8832
2024,24608,8832
2025,120638,8832
2026,20334,11621
2027,5472,45269
2028,118,45269
2029,1283,45269
2030,529,45269
2031,9191,45269
2032,1932,164
2033,1933,164
2034,1934,164
2035,1935,164
2036,1936,164
2037,417,269149
2038,23532,269149
2039,446511,269149
2040,17605,269149
2041,6944,269149
2042,76788,12405
2043,76792,12405
2044,72118,12405
2045,9839,653
2046,9840,653
2047,9842,653
2048,1106964,336808
2049,31,9800
2050,5292,9800
2051,4765,9800
2052,2453,9800
2053,3131,9800
2054,707,525
2055,7171,525
2056,7172,525
2057,7173,525
2058,7174,525
2059,4483,380
2060,500,380
2061,3124,380
2062,2211,380
2063,5145,380
2064,4135,891
2065,4483,891
2066,5251,891
2067,1936,891
2068,11066,891
2069,10980,674
2070,10989,674
2071,10990,674
2072,5469,674
2073,5658,674
2074,10980,12444
2075,10990,12444
2076,10989,12444
2077,5469,12444
2078,1283,12444
2079,62050,10020
2080,15048,10020
2081,108055,10020
2082,725,10020
2083,28010,10020
2084,31,10193
2085,12898,10193
2086,13726,10193
2087,3234,10193
2088,2232,10193
2089,117640,265169
2090,142784,265169
2091,59754,265169
2092,1337,18329
2093,69637,18329
2094,1622,18329
2095,133825,18329
2096,52763,297222
2097,81928,297222
2098,1192902,297222
2099,35779,297222
2100,85881,297222
2101,7301,3009
2102,14812,3009
2103,6250,3009
2104,40,3009
2105,30719,3009
2106,2192,126319
2107,10017,665
2108,10018,665
2109,10019,665
2110,10020,665
2111,10021,665
2112,1333461,364137
2113,23383,364137
2114,47337,364137
2115,54620,8342
2116,54621,8342
2117,54622,8342
2118,54623,8342
2119,14965,995
2120,4165,995
2121,14966,995
2122,8516,995
2123,3383,995
2124,14277,9343
2125,57380,9343
2126,57379,9343
2127,4959,9343
2128,569,80
2129,1146,80
2130,649,80
2131,654,80
2132,258,55
2133,261,55
2134,1072776,413594
2135,1248340,413594
2136,1221877,413594
2137,84505,413594
2138,41779,5165
2139,4961,5165
2140,20882,5165
2141,3872,96721
2142,74568,96721
2143,59315,96721
2144,5644,96721
2145,58502,96721
2146,27811,123025
2147,42160,123025
2148,56930,123025
2149,51930,123025
2150,21731,123025
2151,4970,343
2152,4971,343
2153,4973,343
2154,4974,343
2155,5444,1567
2156,69010,11327
2157,69011,11327
2158,12410,11327
2159,1811,11327
2160,5049,11327
2161,12147,1879
2162,16897,1879
2163,6598,1879
2164,19729,1879
2165,21009,1879
2166,3085,1700
2167,8534,1700
2168,5605,1700
2169,36926,1700
2170,7570,1700
2171,4068,288
2172,4070,288
2173,3383,288
2174,2177,288
2175,4069,288
2176,4165,11697
2177,854,11697
2178,7303,11697
2179,18391,11697
2180,8254,11697
2181,47432,238628
2182,1150150,238628
2183,137688,238628
2184,583735,238628
2185,138129,238628
2186,150903,396535
2187,1024395,396535
2188,127720,396535
2189,1255881,396535
2190,1042232,396535
2191,77289,14784
2192,72095,14784
2193,42705,14784
2194,14812,1093
2195,15395,1093
2196,12274,1093
2197,15396,1093
2198,15397,1093
2199,18391,1654
2200,7502,1654
2201,4960,1654
2202,4774,1654
2203,11147,1654
2204,3151,11356
2205,6837,11356
2206,5247,11356
2207,10158,678
2208,10159,678
2209,2090,678
2210,10160,678
2211,10161,678
2212,449,10191
2213,17276,10191
2214,24264,10191
2215,59174,10191
2216,21007,10191
2217,1223786,296096
2218,237455,296096
2219,47627,296096
2220,4391,296096
2221,74056,296096
2222,3894,49026
2223,3895,49026
2224,64,49026
2225,1813,49026
2226,2524,49026
2227,34491,29458
2228,107626,29458
2229,120656,29458
2230,16970,1417
2231,16971,1417
2232,16972,1417
2233,17005,1417
2234,684,284427
2235,25409,284427
2236,7805,284427
2237,7817,284427
2238,16783,284427
2239,65571,375572
2240,1589101,375572
2241,1033152,375572
2242,4110,910
2243,7570,910
2244,2673,910
2245,13975,910
2246,10487,910
2247,568657,19026
2248,765,19026
2249,41526,19026
2250,1554383,374473
2251,1182598,374473
2252,13352,877
2253,13353,877
2254,13354,877
2255,13355,877
2256,13356,877
2257,13524,11031
2258,21731,11031
2259,6008,11031
2260,3026,11031
2261,104410,11031
2262,25002,49797
2263,64880,49797
2264,87090,49797
2265,10798,37719
2266,10799,37719
2267,10800,37719
2268,10802,37719
2269,143593,26280
2270,86612,26280
2271,469462,26280
2272,142689,26280
2273,1371398,277216
2274,1154054,277216
2275,1115984,277216
2276,378,68
2277,380,68
2278,381,68
2279,65,68
2280,382,68
2281,2749,220
2282,2750,220
2283,2669,220
2284,2751,220
2285,2752,220
2286,1047948,439584
2287,229573,439584
2288,7707,439584
2289,221078,439584
2290,9741,648
2291,9744,648
2292,9745,648
2293,1050248,313297
2294,6885,313297
2295,108916,313297
2296,10297,313297
2297,5469,313297
2298,20124,1939
2299,13578,1939
2300,20125,1939
2301,1905,1939
2302,3362,1939
2303,69310,18079
2304,119671,18079
2305,7241,527
2306,7242,527
2307,1896,205
2308,2598,205
2309,1733,205
2310,73421,205
2311,71507,11421
2312,32885,11421
2313,6952,792
2314,5293,792
2315,85,792
2316,2178,792
2317,13022,792
2318,6588,793
2319,6677,793
2320,2778,793
2321,4784,793
2322,3382,793
2323,2565,4481
2324,4885,4481
2325,6012,4481
2326,23388,4481
2327,4110,11016
2328,7570,11016
2329,17753,11016
2330,13566,11016
2331,14965,11016
2332,1932,11113
2333,35321,11113
2334,12727,11113
2335,15387,11113
2336,3366,11113
2337,16483,1366
2338,3094,1366
2339,4521,1366
2340,16523,1366
2341,82119,15097
2342,4275,15097
2343,47337,15097
2344,76826,15097
2345,1269,820
2346,2176,820
2347,64,820
2348,4724,820
2349,12132,820
2350,929905,83666
2351,819,83666
2352,62,83666
2353,1532,83666
2354,1231,334
2355,3905,334
2356,4764,334
2357,500,334
2358,4492,334
2359,2130,2493
2360,32,2493
2361,25503,2493
2362,14541,2493
2363,2231,273248
2364,6856,273248
2365,10431,273248
2366,27740,273248
2367,76961,273248
2368,1034681,333339
2369,1173984,333339
2370,77335,333339
2371,1059572,333339
2372,51990,333339
2373,7663,21734
2374,7664,21734
2375,7665,21734
2376,7666,21734
2377,131,242582
2378,14343,242582
2379,53240,242582
2380,2053,242582
2381,97604,242582
2382,21089,40662
2383,49624,40662
2384,41686,40662
2385,11355,40662
2386,39187,375262
2387,54693,375262
2388,3293,375262
2389,3292,375262
2390,1496392,375262
2391,1892,286217
2392,83002,286217
2393,41091,286217
2394,8447,286217
2395,454,286217
2396,113732,180299
2397,1154465,180299
2398,1155281,180299
2399,670,13413
2400,60074,13413
2401,521,165
2402,1062,165
2403,1063,165
2404,1951,165
2405,1072,165
2406,3317,5910
2407,137029,5910
2408,4990,5910
2409,73457,283995
2410,8691,283995
2411,543530,283995
2412,12835,283995
2413,51329,283995
2414,4110,17057
2415,77081,17057
2416,81179,17057
2417,81180,17057
2418,14359,17057
2419,4483,37247
2420,10774,37247
2421,9594,37247
2422,8608,37247
2423,85,22
2424,118,22
2425,114,22
2426,116,22
2427,1709,22
2428,3243,244
2429,3242,244
2430,3244,244
2431,3245,244
2432,97912,10331
2433,97913,10331
2434,97914,10331
2435,97915,10331
2436,97916,10331
2437,71140,12548
2438,45982,12548
2439,30832,12548
2440,14151,12548
2441,37058,8094
2442,53998,8094
2443,8326,8094
2444,53999,8094
2445,10980,672
2446,10989,672
2447,10990,672
2448,194,672
2449,4566,672
2450,17605,283587
2451,7317,531
2452,89193,49992
2453,73864,49992
2454,449,82702
2455,112,82702
2456,17276,82702
2457,24264,82702
2458,59174,82702
2459,16828,100402
2460,1245,100402
2461,2231,100402
2462,4135,100402
2463,60898,100402
2464,5472,207703
2465,2231,207703
2466,2983,207703
2467,1303037,207703
2468,3895,207703
2469,3508,4024
2470,34594,4024
2471,28676,4024
2472,32428,3529
2473,13577,3529
2474,41516,3529
2475,32430,3529
2476,32431,3529
2477,5208,167581
2478,38773,167581
2479,2343,167581
2480,31444,167581
2481,1201637,347201
2482,82055,347201
2483,82056,347201
2484,110665,347201
2485,1932,3001
2486,11390,3001
2487,3265,3001
2488,10021,3001
2489,29519,3001
2490,8977,9806
2491,18686,9806
2492,59361,9806
2493,11662,9806
2494,112901,111083
2495,19907,111083
2496,566544,111083
2497,1461,10315
2498,5064,10315
2499,17881,10315
2500,1532,10315
2501,5293,10315
2502,68842,489999
2503,23959,489999
2504,2749,221
2505,2769,221
2506,2770,221
2507,2772,221
2508,2771,221
2509,15135,11657
2510,37131,11657
2511,14276,11657
2512,2565,11657
2513,35003,11657
2514,66761,11220
2515,43661,11220
2516,66762,11220
2517,62,562
2518,4566,562
2519,7674,562
2520,7673,562
2521,7672,562
2522,85,1587
2523,6193,1587
2524,3196,1587
2525,2453,1587
2526,1341,14756
2527,20519,14756
2528,117760,14756
2529,83820,14756
2530,68515,11190
2531,68517,11190
2532,68518,11190
2533,37632,306819
2534,227454,306819
2535,73381,306819
2536,17064,306819
2537,8197,306819
2538,85,162
2539,1920,162
2540,1902,162
2541,1903,162
2542,1904,162
2543,36662,414425
2544,76512,414425
2545,1115984,414425
2546,84933,414425
2547,9828,414425
2548,14821,4593
2549,3508,4593
2550,24684,4593
2551,38341,4593
2552,19092,4593
2553,55912,38251
2554,106350,38251
2555,71296,38251
2556,55914,38251
2557,70132,12516
2558,72605,12516
2559,72606,12516
2560,72607,12516
2561,1619,11782
2562,1337,11782
2563,66717,11782
2564,70590,11782
2565,78350,12429
2566,21171,5528
2567,7693,5528
2568,22306,5528
2569,43998,5528
2570,19073,1786
2571,1003,41411
2572,19119,41411
2573,126386,41411
2574,4529,41411
2575,4483,11040
2576,6450,11040
2577,1936,11040
2578,58661,11040
2579,6807,17431
2580,1979,17431
2581,115146,17431
2582,8724,10907
2583,8725,10907
2584,8727,10907
2585,4113,10907
2586,8726,10907
2587,24476,31417
2588,15385,31417
2589,27980,31417
2590,128484,31417
2591,24300,31417
2592,9777,22683
2593,55314,22683
2594,53923,22683
2595,509344,499631
2596,27272,499631
2597,1413811,499631
2598,1010113,499631
2599,10017,6844
2600,14528,6844
2601,10606,6844
2602,13566,6844
2603,41240,6844
2604,8349,3133
2605,5606,3133
2606,33060,3133
2607,8255,3133
2608,33059,3133
2609,1205,16642
2610,69054,16642
2611,9880,16642
2612,2096,16642
2613,111690,54186
2614,124402,54186
2615,559416,54186
2616,18197,8073
2617,1958,8073
2618,17578,8073
2619,8789,2013
2620,8925,2013
2621,8791,2013
2622,7276,2013
2623,56934,9081
2624,6163,9081
2625,569,9081
2626,1146,9081
2627,57970,9081
2628,9126,4909
2629,2369,4909
2630,39491,4909
2631,3508,4909
2632,39955,4909
2633,1844,269258
2634,26532,269258
2635,1852,269258
2636,49018,269258
2637,6598,900
2638,2638,900
2639,2436,900
2640,13819,900
2641,13820,900
2642,13240,4995
2643,1231,4995
2644,16475,4995
2645,1896,4995
2646,4764,4995
2647,3894,272
2648,3895,272
2649,3896,272
2650,3897,272
2651,64,272
2652,20664,11299
2653,68916,11299
2654,68917,11299
2655,40325,11299
2656,955,99
2657,953,99
2658,954,99
2659,958,99
2660,1350,1600
2661,17888,1600
2662,1142,1600
2663,17896,1600
2664,97561,27327
2665,35040,27327
2666,69055,27327
2667,26283,27327
2668,10872,2062
2669,65,2062
2670,7962,2062
2671,6197,2062
2672,21198,2062
2673,122851,489925
2674,52419,489925
2675,1375796,489925
2676,6251,11167
2677,68422,11167
2678,8227,11167
2679,30141,11167
2680,11207,21450
2681,80366,21450
2682,1641,21450
2683,58090,21450
2684,42641,21450
2685,14277,2000
2686,20546,2000
2687,20548,2000
2688,50,2433
2689,18809,2433
2690,20030,2433
2691,24880,2433
2692,1205,1592
2693,819,1592
2694,350,1592
2695,4251,1592
2696,3910,1592
2697,7124,28580
2698,20391,28580
2699,101490,28580
2700,79247,28580
2701,79248,28580
2702,1158,9040
2703,56780,9040
2704,81051,21575
2705,17498,21575
2706,89626,21575
2707,101,64
2708,398,64
2709,1610,64
2710,3618,64
2711,10980,767
2712,10989,767
2713,10990,767
2714,10993,767
2715,5658,767
2716,1666,907
2717,400,907
2718,522,907
2719,12248,907
2720,72590,303483
2721,1385600,303483
2722,7280,303483
2723,94185,222935
2724,1159982,222935
2725,232006,222935
2726,4784,222935
2727,131006,222935
2728,16855,10229
2729,81295,10229
2730,9979,10229
2731,589,10229
2732,37014,10229
2733,1920,3558
2734,11701,3558
2735,20387,3558
2736,328,3558
2737,32798,3558
2738,9609,643
2739,9610,643
2740,9607,643
2741,2922,229
2742,2926,229
2743,2923,229
2744,2924,229
2745,2925,229
2746,14298,940
2747,7640,940
2748,14299,940
2749,2092,940
2750,2227,824
2751,3061,824
2752,5723,824
2753,388,824
2754,12206,824
2755,4756,9377
2756,2394,9377
2757,29091,9377
2758,4004,9377
2759,722,9377
2760,380,3870
2761,16927,3870
2762,24590,3870
2763,34027,3870
2764,94011,13187
2765,8977,260513
2766,18686,260513
2767,59361,260513
2768,1642,175
2769,1003,175
2770,2165,175
2771,2166,175
2772,15140,9394
2773,18841,9394
2774,227037,9394
2775,32370,9394
2776,3223,24428
2777,16828,24428
2778,103,24428
2779,74568,24428
2780,1245,24428
2781,17141,773
2782,3051,773
2783,4495,773
2784,17142,773
2785,17140,773
2786,10017,871
2787,7505,871
2788,10539,871
2789,12023,871
2790,10692,244267
2791,222330,244267
2792,469759,244267
2793,215055,244267
2794,128645,244267
2795,10980,675
2796,10989,675
2797,10990,675
2798,5658,675
2799,5469,675
2800,2888,11321
2801,5916,11321
2802,70304,11321
2803,57755,11321
2804,8177,11321
2805,1142720,308369
2806,1394670,308369
2807,1173984,308369
2808,86310,308369
2809,17039,308369
2810,5341,11046
2811,190,11046
2812,67916,11046
2813,67917,11046
2814,39741,11046
2815,9560,9552
2816,2201,9552
2817,37366,9552
2818,5248,9552
2819,1243,11562
2820,2641,11562
2821,5657,11562
2822,20747,11562
2823,21278,11562
2824,3317,4291
2825,13257,4291
2826,70336,51608
2827,144591,51608
2828,84093,19101
2829,45453,19101
2830,15498,19101
2831,34407,19101
2832,738,983
2833,3895,983
2834,290,983
2835,11852,983
2836,14754,983
2837,87637,83389
2838,548758,83389
2839,20330,83389
2840,5344,9444
2841,3036,9444
2842,1062,9444
2843,14730,9444
2844,5587,9444
2845,126478,30018
2846,70336,30018
2847,1299287,30018
2848,141541,30018
2849,3635,1712
2850,18735,1712
2851,2749,1712
2852,14701,1712
2853,18736,1712
2854,1844,158
2855,1852,158
2856,1853,158
2857,677,158
2858,1854,158
2859,193,1632
2860,5293,1632
2861,3910,1632
2862,1370,1632
2863,8655,1632
2864,1243,5143
2865,3895,5143
2866,12021,5143
2867,4,5143
2868,10767,5143
2869,39459,211387
2870,11367,211387
2871,55470,211387
2872,2203,211387
2873,16828,211387
2874,31,109424
2875,2229,109424
2876,94864,109424
2877,15824,109424
2878,120019,50531
2879,120020,50531
2880,120025,50531
2881,7543,50531
2882,380,262
2883,3663,262
2884,1041,262
2885,3664,262
2886,1243,11610
2887,3092,11610
2888,10555,11610
2889,70013,11610
2890,95788,11610
2891,20141,16372
2892,22529,16372
2893,7640,16372
2894,70447,16372
2895,1892,9023
2896,2505,9023
2897,5823,15121
2898,290,15121
2899,7331,15121
2900,29283,15121
2901,77860,12169
2902,54228,12169
2903,71507,12169
2904,146287,12169
2905,500,137113
2906,5081,137113
2907,2039,137113
2908,2053,137113
2909,6355,578
2910,8606,578
2911,3037,578
2912,8607,578
2913,8608,578
2914,1327993,337703
2915,40325,15137
2916,8984,638
2917,4687,638
2918,9296,638
2919,9287,638
2920,9285,638
2921,11389,746
2922,11390,746
2923,6720,746
2924,69033,746
2925,11392,746
2926,6837,8333
2927,8606,8333
2928,1936,8333
2929,1210,8333
2930,53285,8333
2931,49767,7735
2932,38773,7735
2933,692,7735
2934,1859,7735
2935,1158,9475
2936,5577,9475
2937,8986,9475
2938,5503,9475
2939,1233,9475
2940,53445,468284
2941,1585765,468284
2942,31,8358
2943,9994,8358
2944,38026,8358
2945,3636,642
2946,4135,642
2947,9594,642
2948,8260,642
2949,5732,642
2950,69055,11906
2951,24608,11906
2952,54153,11906
2953,15385,11906
2954,11357,765
2955,5823,433
2956,61303,433
2957,5825,433
2958,5826,433
2959,5827,433
2960,10127,3116
2961,4483,3116
2962,19335,3116
2963,1943,3116
2964,30585,3116
2965,7060,57158
2966,1327,57158
2967,30315,57158
2968,71580,57158
2969,112,57158
2970,1229,309809
2971,851784,309809
2972,53714,309809
2973,8293,309809
2974,879,10778
2975,3910,10778
2976,1010,10778
2977,4691,10778
2978,1245,10778
2979,193,592
2980,3096,592
2981,8351,592
2982,8434,592
2983,3,592
2984,10798,3063
2985,10800,3063
2986,10799,3063
2987,30014,3063
2988,10804,3063
2989,4173,1245
2990,7056,1245
2991,1292,1245
2992,20006,1245
2993,3291,1245
2994,25002,11344
2995,116175,11344
2996,69080,11344
2997,68903,11344
2998,1299287,11344
2999,380,1607
3000,9046,1607
3001,17917,1607
3002,17918,1607
3003,17919,1607
3004,76621,16234
3005,34947,16234
3006,2,16234
3007,52929,16234
3008,923,16234
3009,93210,264660
3010,227454,264660
3011,25072,264660
3012,1457238,264660
3013,6718,985
3014,14794,985
3015,14795,985
3016,14796,985
3017,32987,5708
3018,2206,5708
3019,5644,5708
3020,29234,5708
3021,109746,15371
3022,616,15371
3023,2638,212
3024,2670,212
3025,2669,212
3026,2672,212
3027,2437,212
3028,131,13466
3029,2955,13466
3030,4784,13466
3031,26999,13466
3032,10128,13466
3033,8975,625
3034,8976,625
3035,8977,625
3036,6949,625
3037,116,4347
3038,5530,4347
3039,6979,4347
3040,36592,4347
3041,4154,4347
3042,234352,389015
3043,60898,389015
3044,19,389015
3045,86034,389015
3046,1294982,389015
3047,3088,16958
3048,4343,16958
3049,13296,16958
3050,6577,16958
3051,3149,16958
3052,55934,246741
3053,55936,246741
3054,586951,246741
3055,6449,475
3056,6450,475
3057,6451,475
3058,3460,475
3059,193,475
3060,209,10683
3061,16165,10683
3062,1233,10683
3063,19152,10683
3064,11108,747
3065,11109,747
3066,11110,747
3067,11111,747
3068,7028,747
3069,3063,71859
3070,4764,71859
3071,132157,71859
3072,230659,221731
3073,84028,221731
3074,31078,221731
3075,70209,221731
3076,21874,14813
3077,78076,14813
3078,78077,14813
3079,25627,14813
3080,40352,14813
3081,3392,2649
3082,2228,2649
3083,13549,2649
3084,8986,2649
3085,5953,2649
3086,5292,10637
3087,883,10637
3088,43858,10637
3089,65829,10637
3090,17265,10637
3091,2224,319
3092,4687,319
3093,4688,319
3094,4689,319
3095,64,319
3096,2296,9693
3097,3895,9693
3098,1231,9693
3099,5294,9693
3100,56365,9693
3101,1241,379
3102,5168,379
3103,4726,379
3104,884,379
3105,3926,379
3106,50,11481
3107,58339,11481
3108,69555,11481
3109,5962,11481
3110,67917,11481
3111,879,12498
3112,20309,12498
3113,22131,12498
3114,27772,12498
3115,155,12498
3116,35742,10757
3117,55061,10757
3118,35780,10757
3119,78749,10757
3120,15827,812
3121,2157,812
3122,15829,812
3123,15830,812
3124,15831,812
3125,121732,244088
3126,5077,244088
3127,3124,244088
3128,34491,244088
3129,14528,966
3130,3265,966
3131,13565,966
3132,4960,966
3133,14060,966
3134,76339,364433
3135,1523981,364433
3136,509344,364433
3137,120640,364433
3138,1228355,440596
3139,1228352,440596
3140,54193,440596
3141,964415,440596
3142,1233,4960
3143,2206,4960
3144,10431,4960
3145,1812,4960
3146,2229,4960
3147,145121,432616
3148,4273,432616
3149,59031,432616
3150,28463,432616
3151,27433,37769
3152,95019,37769
3153,106346,37769
3154,31614,37769
3155,478,71
3156,477,71
3157,481,71
3158,479,71
3159,480,71
3160,3489,382614
3161,1274508,382614
3162,1277188,382614
3163,7404,382614
3164,1483976,382614
3165,15070,923
3166,19588,198375
3167,119143,198375
3168,14277,6404
3169,6553,6404
3170,2310,6404
3171,49505,6404
3172,20699,2009
3173,20698,2009
3174,39959,2009
3175,39960,2009
3176,39961,2009
3177,3063,387426
3178,17142,387426
3179,1304602,387426
3180,131,387426
3181,112561,387426
3182,5064,688
3183,190,688
3184,10379,688
3185,10380,688
3186,3223,10435
3187,400,10435
3188,80365,10435
3189,20005,10435
3190,1231,284293
3191,7447,284293
3192,37917,284293
3193,7517,284293
3194,83222,284293
3195,10859,293660
3196,54882,293660
3197,1047649,293660
3198,51990,293660
3199,78452,293660
3200,3136,1360
3201,658,1360
3202,6859,1360
3203,16406,1360
3204,8688,1360
3205,16962,11658
3206,70336,11658
3207,70337,11658
3208,70338,11658
3209,133917,43920
3210,1117313,487558
3211,1023139,487558
3212,1606394,487558
3213,17052,487558
3214,82857,487558
3215,17064,346648
3216,19923,346648
3217,39658,346648
3218,1304662,346648
3219,1047948,406385
3220,229573,406385
3221,27399,406385
3222,7707,406385
3223,34947,14919
3224,2,14919
3225,65002,14919
3226,7678,14919
3227,3093,14919
3228,937,11704
3229,70286,11704
3230,13392,11704
3231,6844,11704
3232,5827,11704
3233,67449,14433
3234,10018,14433
3235,25888,14433
3236,15857,14433
3237,3895,14433
3238,30614,64690
3239,36662,64690
3240,17419,64690
3241,13,64690
3242,25072,64690
